Units Sold,Unit Price,Total Revenue,Rating,Reviews,year,month,day,Product Category_Books,Product Category_Clothing,Product Category_Electronics,Product Category_Home Appliances,Product Category_Sports,Region_Europe,Region_North America,Payment Method_Debit Card,Payment Method_PayPal
2,999.99,1999.98,1,I always wanted to have an I phone i got it now. Thank you very much for such product.,2024,11,1,False,False,True,False,False,False,True,False,False
1,499.99,499.99,0,A terrible experience. The vacuum cleaner doesn't even work bro.,2024,11,1,False,False,False,True,False,True,False,False,True
3,69.99,209.97,1,I regret buying this. It's of very low quality the jeans very torn after few days of use. I won't recommend buying this product.,2024,11,1,False,True,False,False,False,False,False,True,False
1,89.99,89.99,4,Absolutely fantastic after one month of use! Didn't except to have such good results on my screen.,2024,11,1,False,False,False,False,False,True,False,False,True
2,180.0,360.0,1,The quality is shocking. Avoid this product.,2024,11,1,False,True,False,False,False,False,False,False,False
5,12.99,64.95,1,The item arrived damaged and unusable.,2024,11,1,True,False,False,False,False,False,True,False,False
1,36.0,36.0,1,The beauty product doesn't seem to work well after so many days of use.,2024,11,1,False,False,False,False,False,True,False,False,True
3,29.99,89.97,5,Works perfectly and is incredibly well-made.,2024,11,1,False,False,False,False,True,False,False,True,False
1,399.0,399.0,4,Excellent quality and value. Highly recommend.,2024,11,9,False,False,True,False,False,False,True,False,False
1,89.99,89.99,1,Very disappointed with the quality. Broke almost immediately.,2024,11,9,False,False,False,True,False,True,False,False,False
1,139.0,139.0,4,Top-notch quality and i love it. You won't be disappointed. Buy it guys ,2024,11,9,False,True,False,False,False,False,False,False,True
1,190.0,190.0,1,The Moisturizing doesn't work fine. Don't buy it i recommend other products.,2024,11,9,False,False,False,False,False,True,False,False,False
2,98.0,196.0,1,Fell apart after just one use. Absolute junk. Have been using this brand for years. this time it failed.,2024,11,9,False,False,False,False,True,False,False,False,True
1,399.99,399.99,1,The brand is good for some reason i don't like it.,2024,11,9,False,False,True,False,False,False,True,False,False
1,799.99,799.99,4,I'm so happy with this. It's exactly what I wanted.,2024,11,9,False,False,False,True,False,True,False,True,False
3,110.0,330.0,2,The product is average. Met my basic needs.,2024,11,9,False,True,False,False,False,False,False,False,False
5,10.0,50.0,1,A terrible experience. The product is not as described.,2024,11,9,True,False,False,False,False,False,True,False,True
1,35.0,35.0,1,A terrible experience. The product is not as described.,2024,11,9,False,False,False,False,False,True,False,False,False
1,149.95,149.95,1,Very disappointed with the quality. Broke almost immediately.,2024,11,9,False,False,False,False,True,False,False,True,False
1,1199.0,1199.0,0,Does not work as advertised. Extremely frustrating.,2024,11,9,False,False,True,False,False,False,True,False,False
2,89.95,179.9,4,I'm so happy with this. It's exactly what I wanted.,2024,11,9,False,False,False,True,False,True,False,False,True
1,250.0,250.0,1,I didn't like the quality and it was damaged. I had to return it.,2024,11,9,False,True,False,False,False,False,False,False,False
3,22.0,66.0,5,Brilliant! I would definitely recommend this to my friends and families.,2024,11,9,True,False,False,False,False,False,True,True,False
1,1445.0,1445.0,5,Love it! The design is great and it's very effective.,2024,11,9,False,False,False,False,True,False,True,False,True
1,499.99,499.99,4,Excellent quality and value. Highly recommend.,2024,11,9,False,False,True,False,False,True,False,False,False
3,45.5,136.5,0,Fell apart after just one use. Absolutely not worth of buying it. ,2024,11,9,False,False,False,True,False,False,False,True,False
5,19.9,99.5,5,Five stars! The best purchase I've made this year. Nope i was lying. I don't like the design of the T-shirt sirji.,2024,11,9,False,True,False,False,False,False,True,False,False
4,16.99,67.96,1,The Atomic habit book is so good. The quality and other stuff didn't made me unhappy i would recommend this one.,2024,11,9,True,False,False,False,False,True,False,False,True
3,6.5,19.5,1,Fell apart after just one use. Absolute junk.,2024,11,9,False,False,False,False,False,False,False,False,False
2,59.99,119.98,5,Brilliant! I would definitely buy this again.,2024,11,9,False,False,False,False,True,False,True,True,False
1,139.99,139.99,0,The item arrived damaged and unusable.,2024,11,9,False,False,True,False,False,True,False,False,False
2,25.0,50.0,4,Absolutely fantastic! Exceeded all my expectations.,2024,11,9,False,False,False,True,False,False,False,False,True
1,150.0,150.0,4,A truly wonderful product. I'm very impressed.,2024,11,9,False,True,False,False,False,False,True,False,False
3,14.99,44.97,0,This product did not work at all. A complete waste of money.,2024,11,9,True,False,False,False,False,True,False,True,False
1,34.0,34.0,1,A terrible experience. The product is not as described.,2024,11,11,False,False,False,False,False,False,False,False,False
1,120.0,120.0,1,The quality is shocking. Avoid this product.,2024,11,11,False,False,False,False,True,False,True,False,True
1,799.0,799.0,0,This product did not work at all. A complete waste of money.,2024,11,11,False,False,True,False,False,True,False,False,False
4,30.0,120.0,1,A complete failure. I had to return it.,2024,11,11,False,False,False,True,False,False,False,True,False
3,24.99,74.97,5,A truly wonderful product. I'm very impressed.,2024,11,11,False,True,False,False,False,False,True,False,False
2,13.99,27.98,4,Works perfectly and is incredibly well-made.,2024,11,11,True,False,False,False,False,True,False,False,True
2,22.0,44.0,1,Does not work as advertised. Extremely frustrating.,2024,11,11,False,False,False,False,False,False,False,False,False
2,10.99,21.98,1,The item arrived damaged and unusable.,2024,11,11,False,False,False,False,True,False,True,True,False
1,199.0,199.0,5,Excellent quality and value. Highly recommend.,2024,11,11,False,False,True,False,False,True,False,False,False
1,99.99,99.99,0,A complete failure. I had to return it.,2024,11,11,False,False,False,True,False,False,False,False,True
1,79.9,79.9,4,Excellent quality and value. Highly recommend.,2024,11,11,False,True,False,False,False,False,True,False,False
1,99.0,99.0,0,Very disappointed with the quality. Broke almost immediately.,2024,11,13,False,False,False,False,True,False,True,True,False
1,349.99,349.99,4,I'm so happy with this. It's exactly what I wanted.,2024,11,13,False,False,True,False,False,True,False,False,False
1,199.95,199.95,0,The item arrived damaged and unusable.,2024,11,13,False,False,False,True,False,False,False,False,True
2,110.0,220.0,0,The item arrived damaged and unusable.,2024,11,13,False,True,False,False,False,False,True,False,False
2,9.99,19.98,0,I would not recommend this. It's poorly made.,2024,11,13,True,False,False,False,False,False,True,False,False
1,24.0,24.0,3,I have mixed feelings about this product.,2024,11,13,False,False,False,False,False,True,False,False,True
3,32.95,98.85,0,Fell apart after just one use. Absolute junk.,2024,11,13,False,False,False,False,True,False,False,False,False
1,299.0,299.0,5,Five stars! The best purchase I've made this year.,2024,11,13,False,False,True,False,False,False,True,False,False
1,159.99,159.99,0,A terrible experience. The product is not as described.,2024,11,13,False,False,False,True,False,True,False,False,True
3,90.0,270.0,5,A truly wonderful product. I'm very impressed.,2024,11,13,False,True,False,False,False,False,False,True,False
1,399.99,399.99,5,Outstanding noise cancellation and battery life. Worth every penny!,2024,11,13,False,False,True,False,False,True,False,False,True
2,99.99,199.98,4,This has simplified my weeknight cooking so much. Very versatile.,2024,11,13,False,False,False,True,False,False,True,False,False
1,139.0,139.0,5,Incredibly warm and comfortable. The quality is exceptional as always.,2024,11,13,False,True,False,False,False,False,False,True,False
1,14.99,14.99,5,Could not put this down! A fantastic and gripping story from start to finish.,2024,11,13,True,False,False,False,False,True,False,False,True
1,45.5,45.5,2,The mat is too thin and slippery for my liking. Not recommended for hot yoga.,2024,11,13,False,False,False,False,True,False,False,False,False
1,1099.99,1099.99,5,Blazing fast performance and the battery lasts all day. Perfect for work.,2024,11,13,False,False,True,False,False,False,True,False,False
1,429.99,429.99,1,Arrived with a large scratch on the side. Very disappointed with the packaging.,2024,11,13,False,False,False,True,False,True,False,False,True
3,13.5,40.5,4,A beautiful and thought-provoking concept. A very enjoyable read.,2024,11,13,True,False,False,False,False,False,True,True,False
1,34.0,34.0,5,My new favorite shade! The formula is long-lasting and not drying.,2024,11,13,False,False,False,False,False,True,False,False,False
1,59.99,59.99,5,The best indoor basketball I've ever used. Great grip and feel.,2024,11,13,False,False,False,False,True,False,True,False,False
1,699.95,699.95,5,My home is now a cafe! The learning curve is steep but so worth it.,2024,11,13,False,False,False,True,False,True,False,True,False
1,79.9,79.9,4,So packable and warm for its weight. Perfect for travel.,2024,11,13,False,True,False,False,False,False,False,False,False
2,12.99,25.98,5,A masterpiece of science fiction. The world-building is unparalleled.,2024,11,13,True,False,False,False,False,False,True,False,True
1,28.0,28.0,2,Did nothing for my damaged hair. A complete waste of money for me.,2024,11,13,False,False,False,False,False,True,False,True,False
1,449.99,449.99,5,Incredible running watch. The GPS is accurate and the data insights are superb.,2024,11,14,False,False,False,False,True,False,True,False,False
3,49.99,149.97,4,Surprisingly good sound for its size. Great for smart home control.,2024,11,14,False,False,True,False,False,False,False,False,True
1,599.99,599.99,1,It constantly gets stuck under my furniture. Not as smart as advertised.,2024,11,14,False,False,False,True,False,True,False,False,False
1,120.0,120.0,0,This sweater started pilling horribly after the first wash. Poor quality.,2024,11,14,False,True,False,False,False,False,True,True,False
1,11.99,11.99,5,Life-changing book. The strategies are practical and actually work.,2024,11,14,True,False,False,False,False,False,False,False,False
1,34.0,34.0,5,This is my holy grail sunscreen. It feels like absolutely nothing on the skin.,2024,11,14,False,False,False,False,False,False,True,False,True
1,229.99,229.99,3,Powerful suction but a bit heavier than I expected. Gets the job done.,2024,11,14,False,False,False,True,False,True,False,False,True
1,199.95,199.95,5,Incredibly warm and lightweight. Perfect for chilly autumn hikes.,2024,11,14,False,True,False,False,False,False,False,True,False
2,13.99,27.98,4,A poignant and beautifully written story from a unique perspective.,2024,11,14,True,False,False,False,False,False,True,False,False
1,68.0,68.0,2,This broke me out terribly. Not suitable for my sensitive skin.,2024,11,14,False,False,False,False,False,True,False,True,False
1,24.99,24.99,4,Great grip and feel for outdoor courts. Holds up well on concrete.,2024,11,14,False,False,False,False,True,False,False,False,True
1,499.99,499.99,5,Finally got one! The graphics and load times are a game-changer.,2024,11,14,False,False,True,False,False,False,True,False,False
1,179.99,179.99,1,Stopped working after two weeks. The door hinge also feels flimsy.,2024,11,14,False,False,False,True,False,True,False,False,True
2,59.95,119.9,5,Worth the hype! So cozy and warm. The sole is durable for quick trips outside.,2024,11,14,False,True,False,False,False,False,False,False,False
1,34.0,34.0,3,Adds a nice glow but I didn't see much improvement in my skin texture.,2024,11,14,False,False,False,False,False,True,False,False,False
1,139.95,139.95,5,My go-to running shoe. Perfect balance of cushion and responsiveness.,2024,11,14,False,False,False,False,True,False,False,False,True
1,89.99,89.99,4,Charges my laptop and phone multiple times. A lifesaver for travel.,2024,11,14,False,False,True,False,False,False,True,False,False
1,189.49,189.49,4,Noticeably cleaner air and less dust. A bit noisy on the highest setting.,2024,11,14,False,False,False,True,False,True,False,True,False
1,89.5,89.5,2,The sizing is inconsistent. My usual size was way too tight.,2024,11,14,False,True,False,False,False,False,False,False,False
1,10.99,10.99,0,The plot was predictable and the characters felt flat. Could not finish it.,2024,11,24,True,False,False,False,False,False,True,False,True
1,24.0,24.0,5,So hydrating and not sticky at all. The vanilla scent is divine.,2024,11,24,False,False,False,False,False,True,False,True,False
1,39.99,39.99,3,It's very intense! Great for deep knots but can be painful to use.,2024,11,24,False,False,False,False,True,False,False,False,False
1,99.99,99.99,5,The ergonomics are perfect for all-day work. The scrolling is magical.,2024,11,24,False,False,True,False,False,False,True,False,False
1,199.99,199.99,4,This appliance does everything. It has saved me so much time in the kitchen.,2024,11,24,False,False,False,True,False,True,False,False,True
1,88.0,88.0,5,The most comfortable pants I own. Perfect for both lounging and working out.,2024,11,24,False,True,False,False,False,False,False,True,False
1,16.99,16.99,5,A mind-expanding book that completely changed my perspective on history.,2024,11,24,True,False,False,False,False,False,True,False,False
1,5.9,5.9,4,Unbeatable for the price. Really helped control my oiliness.,2024,11,24,False,False,False,False,False,True,False,False,True
1,44.95,44.95,5,Keeps ice frozen for over 24 hours. The durability is impressive.,2024,11,24,False,False,False,False,True,False,False,False,False
1,99.99,99.99,4,Consistent grind size and very low static. A great value for the price.,2024,11,24,False,False,False,True,False,True,False,False,False
1,95.0,95.0,1,Not enough arch support for me. They also started to smell quickly.,2024,11,24,False,True,False,False,False,False,False,False,True
1,48.0,48.0,2,Oxidized on my skin and turned orange. The shade range is misleading.,2024,11,26,False,False,False,False,False,True,False,False,False
1,149.95,149.95,5,Incredibly versatile for a full-body workout at home or on the go.,2024,11,26,False,False,False,False,True,False,False,False,True
2,129.95,259.9,4,Great sound for its size and fully waterproof. Perfect for the beach.,2024,11,26,False,False,True,False,False,False,True,False,False
1,249.99,249.99,5,Makes perfect rice every single time. The keep-warm function is fantastic.,2024,12,1,False,False,False,True,False,True,False,True,False
1,28.0,28.0,4,Warm and well-made. My go-to winter hat.,2024,12,1,False,True,False,False,False,False,False,False,False
1,13.25,13.25,5,A powerful and unforgettable memoir about resilience and the pursuit of knowledge.,2024,12,1,True,False,False,False,False,False,True,False,True
1,28.0,28.0,1,Cakey and settled into my fine lines almost immediately. Terrible.,2024,12,1,False,False,False,False,False,True,False,True,False
1,399.99,399.99,5,Essential peace of mind for any backcountry adventure. Reliable and compact.,2024,12,1,False,False,True,False,False,False,True,False,True
1,849.0,849.0,4,Cleans clothes thoroughly and is very energy efficient. The app is a bit clunky.,2024,12,1,False,False,False,True,False,True,False,True,False
1,250.0,250.0,5,So lightweight yet incredibly warm. I've never owned a better winter coat.,2024,12,1,False,True,False,False,False,False,False,False,False
1,12.99,12.99,5,A breathtaking reimagining of Greek mythology. The prose is absolutely beautiful.,2024,12,1,True,False,False,False,False,False,True,False,True
1,26.99,26.99,2,This mat is too thin and provides no joint support during floor poses.,2024,12,1,False,False,False,False,True,False,False,False,False
1,189.99,189.99,5,The screen is crisp and easy on the eyes. The battery life is incredible.,2024,12,1,False,False,True,False,False,False,True,False,True
1,449.95,449.95,5,A beast of a blender. It pulverizes everything into a perfectly smooth consistency.,2024,12,1,False,False,False,True,False,True,False,True,False
1,218.0,218.0,1,The fabric is beautiful but the fit is very strange and unflattering.,2024,12,1,False,True,False,False,False,False,False,False,False
1,11.99,11.99,4,A compelling and thought-provoking story about identity and family.,2024,12,1,True,False,False,False,False,False,True,False,True
1,32.0,32.0,5,A holy-grail product that keeps my pores clear and skin smooth.,2024,12,1,False,False,False,False,False,True,False,True,False
1,34.99,34.99,5,Keeps my coffee hot for hours. The lid is completely leak-proof.,2024,12,2,False,False,False,False,True,False,False,False,False
1,249.0,249.0,4,Transparency mode is incredible. Noise cancellation is top-notch.,2024,12,2,False,False,True,False,False,False,True,False,False
1,149.99,149.99,2,A gimmicky product. The battery life is pathetic and it doesn't hold much coffee.,2024,12,2,False,False,False,True,False,True,False,False,True
1,23.0,23.0,5,Extremely pigmented! A little dot goes a very long way. Beautiful finish.,2024,12,2,False,False,False,False,False,True,False,False,False
1,58.0,58.0,4,Great support for high-impact workouts. The fabric is soft and breathable.,2024,12,2,False,False,False,False,True,False,False,False,True
1,199.99,199.99,5,Completely transformed the ambiance of my home. So fun to control with my phone.,2024,12,2,False,False,False,True,False,True,False,False,False
3,18.0,54.0,2,The fabric is thin and the neckline stretched out after one wash.,2024,12,2,False,True,False,False,False,False,False,False,True
1,9.99,9.99,4,A unique and captivating fantasy concept with beautiful prose.,2024,12,2,True,False,False,False,False,False,True,True,False
1,20.0,20.0,4,This really helped calm my redness and irritated skin.,2024,12,2,False,False,False,False,False,True,False,False,False
1,199.0,199.0,1,Overpriced and underwhelming. The heat function is weak and the vibrations are loud.,2024,12,2,False,False,False,False,True,False,False,False,True
1,749.0,749.0,5,Perfect for note-taking and media consumption. The screen is gorgeous.,2024,12,2,False,False,True,False,False,False,True,False,False
1,9.99,9.99,4,A real page-turner with a twist I genuinely didn't see coming.,2024,12,2,True,False,False,False,False,False,True,True,False
1,55.0,55.0,5,Excellent touch and feel. The quality is top-tier for training.,2024,12,2,False,False,False,False,True,False,False,False,True
1,69.99,69.99,4,More than powerful enough for all my basic home projects.,2024,12,3,False,False,False,True,False,True,False,True,False
1,45.99,45.99,2,The fabric is cheap and wrinkles the moment you put it on.,2024,12,3,False,True,False,False,False,False,False,False,False
1,10.49,10.49,3,Well-written but the characters were frustrating. A bit overhyped for me.,2024,12,3,True,False,False,False,False,False,True,False,True
1,36.0,36.0,5,Finally found a perfect shade match! The finish is beautiful and long-lasting.,2024,12,3,False,False,False,False,False,True,False,True,False
1,749.0,749.0,5,My second one for the family. Just as impressive as the first.,2024,12,3,False,False,True,False,False,True,False,False,True
1,24.99,24.99,1,The non-stick coating started peeling after a month. Unsafe and disappointing.,2024,12,3,False,False,False,True,False,False,True,True,False
1,9.99,9.99,4,So refreshing and smells lovely. A great pick-me-up throughout the day.,2024,12,3,False,False,False,False,False,False,True,True,False
1,349.99,349.99,5,Keeps ice for days. The magnetic closure is genius and leak-proof.,2024,12,3,False,False,False,False,True,False,False,False,True
1,399.99,399.99,5,Unbeatable for action footage. The hyper-smooth stabilization is incredible.,2024,12,3,False,False,True,False,False,True,False,False,False
1,299.99,299.99,2,Constantly gets stuck on rug tassels. The mapping is not very smart.,2024,12,3,False,False,False,True,False,False,True,True,False
1,69.99,69.99,1,Completely different quality from my last pair. Thin material and poor stitching.,2024,12,3,False,True,False,False,False,False,False,False,True
1,13.5,13.5,5,A beautiful and thought-provoking concept. A very enjoyable read.,2024,12,3,True,False,False,False,False,True,False,True,False
1,89.99,89.99,4,Absolutely fantastic after one month of use! Didn't expect such good results on my skin.,2024,12,3,False,False,False,False,False,False,True,False,False
2,180.0,360.0,1,The quality is shocking. Avoid this product......,2024,12,4,False,True,False,False,False,False,False,False,False
1,19.99,19.99,5,The only sunscreen that doesn't break me out or feel greasy.,2024,12,4,False,False,False,False,False,False,True,False,False
1,299.0,299.0,4,A game-changer for muscle recovery. It's powerful but quite loud.,2024,12,4,False,False,False,False,True,False,False,False,True
1,1099.99,1099.99,5,Blazing fast performance and the battery lasts all day. Perfect for work.,2024,12,4,False,False,True,False,False,True,False,False,False
1,229.99,229.99,3,Powerful suction but a bit heavier than I expected. Gets the job done.,2024,12,4,False,False,False,True,False,False,True,True,False
1,139.0,139.0,5,Incredibly warm and comfortable. The quality is exceptional as always.,2024,12,4,False,True,False,False,False,False,False,False,False
1,14.99,14.99,5,Could not put this down! A fantastic and gripping story from start to finish.,2024,12,4,True,False,False,False,False,True,False,False,True
1,68.0,68.0,2,This broke me out terribly. Not suitable for my sensitive skin.,2024,12,4,False,False,False,False,False,False,True,True,False
1,24.99,24.99,4,Great grip and feel for outdoor courts. Holds up well on concrete.,2024,12,4,False,False,False,False,True,False,False,False,False
1,499.99,499.99,5,Finally got one! The graphics and load times are a game-changer.,2024,12,4,False,False,True,False,False,True,False,False,True
1,179.99,179.99,1,Stopped working after two weeks. The door hinge also feels flimsy.,2024,12,4,False,False,False,True,False,False,True,False,False
1,13.5,13.5,4,A beautiful and thought-provoking concept. A very enjoyable read.,2024,12,4,True,False,False,False,False,True,False,False,False
1,34.0,34.0,5,My new favorite shade! The formula is long-lasting and not drying.,2024,12,4,False,False,False,False,False,False,True,False,True
1,59.99,59.99,5,The best indoor basketball I've ever used. Great grip and feel.,2024,12,4,False,False,False,False,True,False,False,False,False
1,699.95,699.95,5,My home is now a cafe! The learning curve is steep but so worth it.,2024,12,4,False,False,False,True,False,False,True,False,False
1,79.9,79.9,4,So packable and warm for its weight. Perfect for travel.,2024,12,4,False,True,False,False,False,False,False,False,True
2,12.99,25.98,5,A masterpiece of science fiction. The world-building is unparalleled.,2024,12,4,True,False,False,False,False,True,False,True,False
1,28.0,28.0,2,Did nothing for my damaged hair. A complete waste of money for me.,2024,12,5,False,False,False,False,False,False,True,False,False
1,449.99,449.99,5,Incredible running watch. The GPS is accurate and the data insights are superb.,2024,12,5,False,False,False,False,True,False,False,False,True
3,49.99,149.97,4,Surprisingly good sound for its size. Great for smart home control.,2024,12,5,False,False,True,False,False,True,False,False,False
1,599.99,599.99,1,It constantly gets stuck under my furniture. Not as smart as advertised.,2024,12,5,False,False,False,True,False,False,True,True,False
1,120.0,120.0,0,This sweater started pilling horribly after the first wash. Poor quality.,2024,12,5,False,True,False,False,False,False,False,False,False
1,11.99,11.99,5,Life-changing book. The strategies are practical and actually work.,2024,12,5,True,False,False,False,False,True,False,False,True
1,34.0,34.0,5,This is my holy grail sunscreen. It feels like absolutely nothing on the skin.,2024,12,5,False,False,False,False,False,False,True,True,False
1,199.0,199.0,1,Overpriced and underwhelming. The heat function is weak and the vibrations are loud.,2024,12,5,False,False,False,False,True,False,False,False,False
2,99.99,199.98,4,This has simplified my weeknight cooking so much. Very versatile.,2024,12,5,False,False,False,True,False,False,True,False,False
1,199.95,199.95,5,Incredibly warm and lightweight. Perfect for chilly autumn hikes.,2024,12,5,False,True,False,False,False,False,False,True,False
2,13.99,27.98,4,A poignant and beautifully written story from a unique perspective.,2024,12,5,True,False,False,False,False,True,False,False,False
1,68.0,68.0,2,This broke me out terribly. Not suitable for my sensitive skin.,2024,12,5,False,False,False,False,False,False,True,False,True
1,24.99,24.99,4,Great grip and feel for outdoor courts. Holds up well on concrete.,2024,12,5,False,False,False,False,True,False,False,False,False
1,499.99,499.99,5,Finally got one! The graphics and load times are a game-changer.,2024,12,5,False,False,True,False,False,True,False,True,False
1,179.99,179.99,1,Stopped working after two weeks. The door hinge also feels flimsy.,2024,12,5,False,False,False,True,False,False,True,False,False
1,13.5,13.5,4,A beautiful and thought-provoking concept. A very enjoyable read.,2024,12,5,True,False,False,False,False,True,False,False,False
1,34.0,34.0,5,My new favorite shade! The formula is long-lasting and not drying.,2024,12,5,False,False,False,False,False,False,True,True,False
1,59.99,59.99,5,The best indoor basketball I've ever used. Great grip and feel.,2024,12,5,False,False,False,False,True,False,False,False,False
1,699.95,699.95,5,My home is now a cafe! The learning curve is steep but so worth it.,2024,12,5,False,False,False,True,False,False,True,False,False
1,79.9,79.9,4,So packable and warm for its weight. Perfect for travel.,2024,12,5,False,True,False,False,False,False,False,True,False
2,12.99,25.98,5,A masterpiece of science fiction. The world-building is unparalleled.,2024,12,5,True,False,False,False,False,True,False,False,False
1,28.0,28.0,2,Did nothing for my damaged hair. A complete waste of money for me.,2024,12,5,False,False,False,False,False,False,True,False,True
1,449.99,449.99,5,Incredible running watch. The GPS is accurate and the data insights are superb.,2024,12,5,False,False,False,False,True,False,False,False,False
3,49.99,149.97,4,Surprisingly good sound for its size. Great for smart home control.,2024,12,5,False,False,True,False,False,True,False,True,False
1,599.99,599.99,1,It constantly gets stuck under my furniture. Not as smart as advertised.,2024,12,5,False,False,False,True,False,False,True,False,False
1,120.0,120.0,0,This sweater started pilling horribly after the first wash. Poor quality.,2024,12,5,False,True,False,False,False,False,False,False,True
1,11.99,11.99,5,Life-changing book. The strategies are practical and actually work.,2024,12,5,True,False,False,False,False,True,False,False,False
1,34.0,34.0,5,This is my holy grail sunscreen. It feels like absolutely nothing on the skin.,2024,12,5,False,False,False,False,False,False,True,True,False
1,199.0,199.0,1,Overpriced and underwhelming. The heat function is weak and the vibrations are loud.,2024,12,5,False,False,False,False,True,False,False,False,False
2,99.99,199.98,4,This has simplified my weeknight cooking so much. Very versatile.,2024,12,5,False,False,False,True,False,False,True,False,False
1,199.95,199.95,5,Incredibly warm and lightweight. Perfect for chilly autumn hikes.,2024,12,5,False,True,False,False,False,False,False,True,False
2,13.99,27.98,4,A poignant and beautifully written story from a unique perspective.,2024,12,5,True,False,False,False,False,True,False,False,False
1,68.0,68.0,2,This broke me out terribly. Not suitable for my sensitive skin.,2024,12,5,False,False,False,False,False,False,True,False,True
1,24.99,24.99,4,Great grip and feel for outdoor courts. Holds up well on concrete.,2024,12,5,False,False,False,False,True,False,False,False,False
1,499.99,499.99,5,Finally got one! The graphics and load times are a game-changer.,2024,12,5,False,False,True,False,False,True,False,True,False
1,179.99,179.99,1,Stopped working after two weeks. The door hinge also feels flimsy.,2024,12,5,False,False,False,True,False,False,True,False,False
1,13.5,13.5,4,A beautiful and thought-provoking concept. A very enjoyable read.,2024,12,5,True,False,False,False,False,True,False,False,False
1,34.0,34.0,5,My new favorite shade! The formula is long-lasting and not drying.,2024,12,5,False,False,False,False,False,False,True,True,False
1,59.99,59.99,5,The best indoor basketball I've ever used. Great grip and feel.,2024,12,5,False,False,False,False,True,False,False,False,False
1,699.95,699.95,5,My home is now a cafe! The learning curve is steep but so worth it.,2024,12,5,False,False,False,True,False,False,True,False,False
1,79.9,79.9,4,So packable and warm for its weight. Perfect for travel.,2024,12,5,False,True,False,False,False,False,False,True,False
2,12.99,25.98,5,A masterpiece of science fiction. The world-building is unparalleled.,2024,12,5,True,False,False,False,False,True,False,False,False
1,28.0,28.0,2,Did nothing for my damaged hair. A complete waste of money for me.,2024,12,5,False,False,False,False,False,False,True,False,True
1,449.99,449.99,5,Incredible running watch. The GPS is accurate and the data insights are superb.,2024,12,5,False,False,False,False,True,False,False,False,False
3,49.99,149.97,4,Surprisingly good sound for its size. Great for smart home control.,2024,12,5,False,False,True,False,False,True,False,True,False
1,599.99,599.99,1,It constantly gets stuck under my furniture. Not as smart as advertised.,2024,12,5,False,False,False,True,False,False,True,False,False
1,120.0,120.0,0,This sweater started pilling horribly after the first wash. Poor quality.,2024,12,5,False,True,False,False,False,False,False,False,True
1,11.99,11.99,5,Life-changing book. The strategies are practical and actually work.,2024,12,5,True,False,False,False,False,True,False,False,False
1,34.0,34.0,5,This is my holy grail sunscreen. It feels like absolutely nothing on the skin.,2024,12,5,False,False,False,False,False,False,True,True,False
1,199.0,199.0,1,Overpriced and underwhelming. The heat function is weak and the vibrations are loud.,2024,12,5,False,False,False,False,True,False,False,False,False
2,99.99,199.98,4,This has simplified my weeknight cooking so much. Very versatile.,2024,12,5,False,False,False,True,False,False,True,False,False
1,199.95,199.95,5,Incredibly warm and lightweight. Perfect for chilly autumn hikes.,2024,12,5,False,True,False,False,False,False,False,True,False
2,13.99,27.98,4,A poignant and beautifully written story from a unique perspective.,2024,12,5,True,False,False,False,False,True,False,False,False
1,68.0,68.0,2,This broke me out terribly. Not suitable for my sensitive skin.,2024,12,5,False,False,False,False,False,False,True,False,True
1,24.99,24.99,4,Great grip and feel for outdoor courts. Holds up well on concrete.,2024,12,5,False,False,False,False,True,False,False,False,False
1,499.99,499.99,5,Finally got one! The graphics and load times are a game-changer.,2024,12,5,False,False,True,False,False,True,False,True,False
1,179.99,179.99,1,Stopped working after two weeks. The door hinge also feels flimsy.,2024,12,5,False,False,False,True,False,False,True,False,False
1,13.5,13.5,4,A beautiful and thought-provoking concept. A very enjoyable read.,2024,12,5,True,False,False,False,False,True,False,False,False
1,34.0,34.0,5,My new favorite shade! The formula is long-lasting and not drying.,2024,12,5,False,False,False,False,False,False,True,True,False
1,59.99,59.99,5,The best indoor basketball I've ever used. Great grip and feel.,2024,12,5,False,False,False,False,True,False,False,False,False
1,579.99,579.99,5,Best purchase ever! The ice is just like from a sonic.,2024,12,5,False,False,False,True,False,True,False,False,True
1,89.99,89.99,5,Extremely comfortable and waterproof. Great for tough trails.,2024,12,5,False,True,False,False,False,False,False,True,False
1,10.99,10.99,5,A timeless classic. The adventure is as wonderful as ever.,2024,12,5,True,False,False,False,False,False,True,True,False
1,749.0,749.0,5,Perfect for note-taking and media consumption. The screen is gorgeous.,2024,12,5,False,False,True,False,False,False,True,False,False
1,229.99,229.99,3,Powerful suction but a bit heavier than I expected. Gets the job done.,2024,12,5,False,False,False,True,False,True,False,True,False
1,139.0,139.0,5,Incredibly warm and comfortable. The quality is exceptional as always.,2024,12,5,False,True,False,False,False,False,False,False,False
1,14.99,14.99,5,Could not put this down! A fantastic and gripping story from start to finish.,2024,12,5,True,False,False,False,False,False,True,False,True
1,68.0,68.0,2,This broke me out terribly. Not suitable for my sensitive skin.,2024,12,5,False,False,False,False,False,True,False,True,False
1,24.99,24.99,4,Great grip and feel for outdoor courts. Holds up well on concrete.,2024,12,5,False,False,False,False,True,False,False,False,False
1,499.99,499.99,5,Finally got one! The graphics and load times are a game-changer.,2024,12,5,False,False,True,False,False,False,True,False,False
1,179.99,179.99,1,Stopped working after two weeks. The door hinge also feels flimsy.,2024,12,5,False,False,False,True,False,True,False,False,True
1,13.5,13.5,4,A beautiful and thought-provoking concept. A very enjoyable read.,2024,12,5,True,False,False,False,False,False,True,False,False
1,34.0,34.0,5,My new favorite shade! The formula is long-lasting and not drying.,2024,12,5,False,False,False,False,False,True,False,True,False
1,59.99,59.99,5,The best indoor basketball I've ever used. Great grip and feel.,2024,12,5,False,False,False,False,True,False,False,False,False
1,699.95,699.95,5,My home is now a cafe! The learning curve is steep but so worth it.,2024,12,5,False,False,False,True,False,True,False,False,False
1,79.9,79.9,4,So packable and warm for its weight. Perfect for travel.,2024,12,5,False,True,False,False,False,False,False,True,False
2,12.99,25.98,5,A masterpiece of science fiction. The world-building is unparalleled.,2024,12,5,True,False,False,False,False,False,True,False,False
1,28.0,28.0,2,Did nothing for my damaged hair. A complete waste of money for me.,2024,12,5,False,False,False,False,False,True,False,False,True
1,449.99,449.99,5,Incredible running watch. The GPS is accurate and the data insights are superb.,2024,12,5,False,False,False,False,True,False,False,False,False
3,49.99,149.97,4,Surprisingly good sound for its size. Great for smart home control.,2024,12,5,False,False,True,False,False,False,True,True,False
1,599.99,599.99,1,It constantly gets stuck under my furniture. Not as smart as advertised.,2024,12,5,False,False,False,True,False,True,False,False,False
1,120.0,120.0,0,This sweater started pilling horribly after the first wash. Poor quality.,2024,12,5,False,True,False,False,False,False,False,False,True
1,11.99,11.99,5,Life-changing book. The strategies are practical and actually work.,2024,12,5,True,False,False,False,False,False,True,False,False
1,34.0,34.0,5,This is my holy grail sunscreen. It feels like absolutely nothing on the skin.,2024,12,5,False,False,False,False,False,True,False,True,False
1,199.0,199.0,1,Overpriced and underwhelming. The heat function is weak and the vibrations are loud.,2024,12,5,False,False,False,False,True,False,False,False,False
2,99.99,199.98,4,This has simplified my weeknight cooking so much. Very versatile.,2024,12,5,False,False,False,True,False,True,False,False,False
1,199.95,199.95,5,Incredibly warm and lightweight. Perfect for chilly autumn hikes.,2024,12,6,False,True,False,False,False,False,False,True,False
2,13.99,27.98,4,A poignant and beautifully written story from a unique perspective.,2024,12,6,True,False,False,False,False,False,True,False,False
1,2495.0,2495.0,5,An incredible investment in my fitness. The classes are motivating and fun.,2024,12,6,False,False,False,False,True,False,False,False,False
1,1599.99,1599.99,5,The picture quality is stunningly realistic. Sony's processing is the best.,2024,12,6,False,False,True,False,False,False,True,True,False
1,119.0,119.0,5,My skin has never been so clear and glowing. Worth the splurge.,2024,12,6,False,False,False,False,False,True,False,False,False
1,69.99,69.99,5,So much fun at parties! The auto-exposure makes it foolproof.,2024,12,6,False,False,True,False,False,False,True,False,False
1,549.99,549.99,5,Even heating and built like a tank. Grills everything perfectly.,2024,12,6,False,False,False,True,False,True,False,True,False
1,798.0,798.0,4,Incredibly chic and flattering. The over-the-knee style is timeless.,2024,12,6,False,True,False,False,False,False,False,False,False
1,8.99,8.99,2,An overly simplistic fable. I don't understand the hype.,2024,12,6,True,False,False,False,False,False,True,False,True
1,285.0,285.0,1,This gave me a horrible rash. A very expensive mistake.,2024,12,6,False,False,False,False,False,True,False,True,False
1,149.99,149.99,2,The ink cartridges are ridiculously expensive and run out too fast.,2024,12,6,False,False,True,False,False,False,True,False,False
1,24.99,24.99,5,A kitchen essential. It will last a lifetime if you care for it.,2024,12,6,False,False,False,True,False,True,False,False,True
1,98.0,98.0,5,The most comfortable and flattering dress pants I own. Worth every penny.,2024,12,6,False,True,False,False,False,False,False,True,False
1,32.0,32.0,5,Full coverage without looking cakey. My holy grail concealer.,2024,12,6,False,False,False,False,False,True,False,False,False
1,374.99,374.99,5,This cooler is indestructible. Ice lasts for 5+ days easily.,2024,12,6,False,False,False,False,True,False,False,False,True
1,349.99,349.99,5,The perfect console for gaming at home or on the go. The screen is vibrant.,2024,12,6,False,False,True,False,False,False,True,True,False
1,153.0,153.0,4,Timeless style and great lens quality. A bit pricey but they last.,2024,12,6,False,True,False,False,False,False,False,False,False
1,25.99,25.99,2,The shadows are chalky and have a lot of fallout. Poor pigmentation.,2024,12,6,False,False,False,False,False,True,False,True,False
1,399.0,399.0,4,Seamless integration with my iPhone. The fitness tracking is excellent.,2024,12,6,False,False,False,False,True,False,False,False,True
1,250.0,250.0,5,The different lighting settings are a game-changer for applying makeup.,2024,12,6,False,False,False,True,False,True,False,False,False
1,1495.0,1495.0,5,You do not feel the cold in this coat. It is worth it for brutal winters.,2024,12,6,False,True,False,False,False,False,False,True,False
1,11.99,11.99,5,Achilles and Patroclus's story is told with such beauty and tragedy. I sobbed.,2024,12,6,True,False,False,False,False,False,True,False,False
1,23.0,23.0,5,The fine tip is perfect for creating hair-like strokes. My go-to brow pencil.,2024,12,6,False,False,False,False,False,True,False,False,True
1,91.0,91.0,5,This watch can survive anything. A true classic for durability.,2024,12,6,False,False,False,False,True,False,False,False,False
1,1099.99,1099.99,5,Blazing fast performance and the battery lasts all day. Perfect for work.,2024,12,6,False,False,True,False,False,False,True,True,False
1,229.99,229.99,3,Powerful suction but a bit heavier than I expected. Gets the job done.,2024,12,6,False,False,False,True,False,True,False,False,False
1,139.0,139.0,5,Incredibly warm and comfortable. The quality is exceptional as always.,2024,12,6,False,True,False,False,False,False,False,False,True
1,14.99,14.99,5,Could not put this down! A fantastic and gripping story from start to finish.,2024,12,6,True,False,False,False,False,False,True,False,False
1,68.0,68.0,2,This broke me out terribly. Not suitable for my sensitive skin.,2024,12,6,False,False,False,False,False,True,False,True,False
1,24.99,24.99,4,Great grip and feel for outdoor courts. Holds up well on concrete.,2024,12,6,False,False,False,False,True,False,False,False,False
1,499.99,499.99,5,Finally got one! The graphics and load times are a game-changer.,2024,12,6,False,False,True,False,False,False,True,False,True
1,179.99,179.99,1,Stopped working after two weeks. The door hinge also feels flimsy.,2024,12,6,False,False,False,True,False,True,False,False,False
1,13.5,13.5,4,A beautiful and thought-provoking concept. A very enjoyable read.,2024,12,6,True,False,False,False,False,False,True,False,False
1,34.0,34.0,5,My new favorite shade! The formula is long-lasting and not drying.,2024,12,6,False,False,False,False,False,True,False,False,True
1,59.99,59.99,5,The best indoor basketball I've ever used. Great grip and feel.,2024,12,6,False,False,False,False,True,False,False,False,False
1,699.95,699.95,5,My home is now a cafe! The learning curve is steep but so worth it.,2024,12,6,False,False,False,True,False,True,False,False,False
1,79.9,79.9,4,So packable and warm for its weight. Perfect for travel.,2024,12,6,False,True,False,False,False,False,False,False,True
2,12.99,25.98,5,A masterpiece of science fiction. The world-building is unparalleled.,2024,12,6,True,False,False,False,False,False,True,False,False
1,28.0,28.0,2,Did nothing for my damaged hair. A complete waste of money for me.,2024,12,6,False,False,False,False,False,True,False,True,False
1,449.99,449.99,5,Incredible running watch. The GPS is accurate and the data insights are superb.,2024,12,6,False,False,False,False,True,False,False,False,False
3,49.99,149.97,4,Surprisingly good sound for its size. Great for smart home control.,2024,12,6,False,False,True,False,False,False,True,False,False
1,599.99,599.99,1,It constantly gets stuck under my furniture. Not as smart as advertised.,2024,12,6,False,False,False,True,False,True,False,False,True
1,120.0,120.0,0,This sweater started pilling horribly after the first wash. Poor quality.,2024,12,6,False,True,False,False,False,False,False,True,False
1,11.99,11.99,5,Life-changing book. The strategies are practical and actually work.,2024,12,6,True,False,False,False,False,False,True,False,False
1,34.0,34.0,5,This is my holy grail sunscreen. It feels like absolutely nothing on the skin.,2024,12,6,False,False,False,False,False,True,False,False,False
1,199.0,199.0,1,Overpriced and underwhelming. The heat function is weak and the vibrations are loud.,2024,12,6,False,False,False,False,True,False,False,False,True
2,99.99,199.98,4,This has simplified my weeknight cooking so much. Very versatile.,2024,12,6,False,False,False,True,False,True,False,False,False
1,199.95,199.95,5,Incredibly warm and lightweight. Perfect for chilly autumn hikes.,2024,12,6,False,True,False,False,False,False,False,False,False
2,13.99,27.98,4,A poignant and beautifully written story from a unique perspective.,2024,12,6,True,False,False,False,False,False,True,False,True
1,139.0,139.0,5,This bag is a tank. I've checked it on flights and it still looks new.,2024,12,7,False,False,False,False,True,False,False,False,False
1,99.99,99.99,4,Quiet and effective. I notice less dust in my apartment.,2024,12,7,False,False,False,True,False,True,False,True,False
1,89.99,89.99,2,Uncomfortable to walk in for more than an hour. The leather is stiff.,2024,12,7,False,True,False,False,False,False,False,False,False
1,7.99,7.99,5,A simple but powerful code for personal freedom.,2024,12,7,True,False,False,False,False,False,True,False,False
1,44.0,44.0,4,Great coverage and SPF. Can look a bit heavy if you apply too much.,2024,12,7,False,False,False,False,False,True,False,False,True
3,16.0,48.0,5,The most comfortable basketball socks. Great cushioning and they stay up.,2024,12,7,False,False,False,False,True,False,False,True,False
1,49.99,49.99,1,Broke while trying to crush ice for the first time. Junk.,2024,12,7,False,False,False,True,False,True,False,False,False
1,168.0,168.0,4,Beautiful leather that's breaking in nicely. A bit heavy when empty.,2024,12,7,False,True,False,False,False,False,False,False,True
1,28.0,28.0,4,Really works on strawberry legs! The texture is gritty but effective.,2024,12,7,False,False,False,False,False,True,False,False,False
1,29.95,29.95,2,They fall out constantly during my runs. Not secure at all.,2024,12,7,False,False,False,False,True,False,False,False,True
1,69.99,69.99,1,Completely different quality from my last pair. Thin material and poor stitching.,2024,12,7,False,True,False,False,False,False,False,False,False
1,89.99,89.99,4,Absolutely fantastic after one month of use! Didn't expect such good results on my skin.,2024,12,7,False,False,False,False,False,True,False,False,False
2,180.0,360.0,1,The quality is shocking. Avoid this product......,2024,12,7,False,True,False,False,False,False,False,False,False
1,10.99,10.99,5,A timeless classic. The adventure is as wonderful as ever.,2024,12,7,True,False,False,False,False,False,True,True,False
1,749.0,749.0,5,Perfect for note-taking and media consumption. The screen is gorgeous.,2024,12,7,False,False,True,False,False,False,True,False,False
1,229.99,229.99,3,Powerful suction but a bit heavier than I expected. Gets the job done.,2024,12,7,False,False,False,True,False,True,False,True,False
1,139.0,139.0,5,Incredibly warm and comfortable. The quality is exceptional as always.,2024,12,7,False,True,False,False,False,False,False,False,False
1,14.99,14.99,5,Could not put this down! A fantastic and gripping story from start to finish.,2024,12,7,True,False,False,False,False,False,True,False,True
1,68.0,68.0,2,This broke me out terribly. Not suitable for my sensitive skin.,2024,12,7,False,False,False,False,False,True,False,True,False
1,24.99,24.99,4,Great grip and feel for outdoor courts. Holds up well on concrete.,2024,12,7,False,False,False,False,True,False,False,False,False
1,499.99,499.99,5,Finally got one! The graphics and load times are a game-changer.,2024,12,7,False,False,True,False,False,False,True,False,False
1,179.99,179.99,1,Stopped working after two weeks. The door hinge also feels flimsy.,2024,12,7,False,False,False,True,False,True,False,False,True
1,13.5,13.5,4,A beautiful and thought-provoking concept. A very enjoyable read.,2024,12,7,True,False,False,False,False,False,True,False,False
1,34.0,34.0,5,My new favorite shade! The formula is long-lasting and not drying.,2024,12,7,False,False,False,False,False,True,False,False,False
1,59.99,59.99,5,The best indoor basketball I've ever used. Great grip and feel.,2024,12,7,False,False,False,False,True,False,False,False,True
1,699.95,699.95,5,My home is now a cafe! The learning curve is steep but so worth it.,2024,12,7,False,False,False,True,False,True,False,False,False
1,79.9,79.9,4,So packable and warm for its weight. Perfect for travel.,2024,12,7,False,True,False,False,False,False,False,True,False
2,12.99,25.98,5,A masterpiece of science fiction. The world-building is unparalleled.,2024,12,7,True,False,False,False,False,False,True,False,False
1,28.0,28.0,2,Did nothing for my damaged hair. A complete waste of money for me.,2024,12,7,False,False,False,False,False,True,False,False,True
1,449.99,449.99,5,Incredible running watch. The GPS is accurate and the data insights are superb.,2024,12,7,False,False,False,False,True,False,False,False,False
3,49.99,149.97,4,Surprisingly good sound for its size. Great for smart home control.,2024,12,7,False,False,True,False,False,False,True,False,False
1,599.99,599.99,1,It constantly gets stuck under my furniture. Not as smart as advertised.,2024,12,7,False,False,False,True,False,True,False,True,False
1,120.0,120.0,0,This sweater started pilling horribly after the first wash. Poor quality.,2024,12,7,False,True,False,False,False,False,False,False,True
1,11.99,11.99,5,Life-changing book. The strategies are practical and actually work.,2024,12,7,True,False,False,False,False,False,True,False,False
1,34.0,34.0,5,This is my holy grail sunscreen. It feels like absolutely nothing on the skin.,2024,12,7,False,False,False,False,False,True,False,False,False
1,199.0,199.0,1,Overpriced and underwhelming. The heat function is weak and the vibrations are loud.,2024,12,7,False,False,False,False,True,False,False,False,False
2,99.99,199.98,4,This has simplified my weeknight cooking so much. Very versatile.,2024,12,7,False,False,False,True,False,True,False,True,False
1,199.95,199.95,5,Incredibly warm and lightweight. Perfect for chilly autumn hikes.,2024,12,7,False,True,False,False,False,False,False,False,False
2,13.99,27.98,4,A poignant and beautifully written story from a unique perspective.,2024,12,7,True,False,False,False,False,False,True,True,False
1,139.0,139.0,5,This bag is a tank. I've checked it on flights and it still looks new.,2024,12,7,False,False,False,False,True,False,False,False,True
1,99.99,99.99,4,Quiet and effective. I notice less dust in my apartment.,2024,12,7,False,False,False,True,False,True,False,True,False
1,89.99,89.99,2,Uncomfortable to walk in for more than an hour. The leather is stiff.,2024,12,7,False,True,False,False,False,False,False,False,False
1,7.99,7.99,5,A simple but powerful code for personal freedom.,2024,12,7,True,False,False,False,False,False,True,False,True
1,44.0,44.0,4,Great coverage and SPF. Can look a bit heavy if you apply too much.,2024,12,7,False,False,False,False,False,True,False,False,False
3,16.0,48.0,5,The most comfortable basketball socks. Great cushioning and they stay up.,2024,12,7,False,False,False,False,True,False,False,True,False
1,49.99,49.99,1,Broke while trying to crush ice for the first time. Junk.,2024,12,7,False,False,False,True,False,True,False,False,True
1,168.0,168.0,4,Beautiful leather that's breaking in nicely. A bit heavy when empty.,2024,12,7,False,True,False,False,False,False,False,False,False
1,28.0,28.0,4,Really works on strawberry legs! The texture is gritty but effective.,2024,12,7,False,False,False,False,False,True,False,False,False
1,29.95,29.95,2,They fall out constantly during my runs. Not secure at all.,2024,12,7,False,False,False,False,True,False,False,False,True
1,69.99,69.99,1,Completely different quality from my last pair. Thin material and poor stitching.,2024,12,7,False,True,False,False,False,False,False,False,False
1,89.99,89.99,4,Absolutely fantastic after one month of use! Didn't expect such good results on my skin.,2024,12,7,False,False,False,False,False,True,False,False,False
2,180.0,360.0,1,The quality is shocking. Avoid this product......,2024,12,7,False,True,False,False,False,False,False,False,False
1,10.99,10.99,5,A timeless classic. The adventure is as wonderful as ever.,2024,12,7,True,False,False,False,False,False,True,True,False
1,749.0,749.0,5,Perfect for note-taking and media consumption. The screen is gorgeous.,2024,12,7,False,False,True,False,False,False,True,False,False
1,229.99,229.99,3,Powerful suction but a bit heavier than I expected. Gets the job done.,2024,12,7,False,False,False,True,False,True,False,True,False
1,139.0,139.0,5,Incredibly warm and comfortable. The quality is exceptional as always.,2024,12,7,False,True,False,False,False,False,False,False,False
1,14.99,14.99,5,Could not put this down! A fantastic and gripping story from start to finish.,2024,12,7,True,False,False,False,False,False,True,False,True
1,68.0,68.0,2,This broke me out terribly. Not suitable for my sensitive skin.,2024,12,7,False,False,False,False,False,True,False,True,False
1,24.99,24.99,4,Great grip and feel for outdoor courts. Holds up well on concrete.,2024,12,7,False,False,False,False,True,False,False,False,False
1,499.99,499.99,5,Finally got one! The graphics and load times are a game-changer.,2024,12,7,False,False,True,False,False,False,True,False,False
1,179.99,179.99,1,Stopped working after two weeks. The door hinge also feels flimsy.,2024,12,7,False,False,False,True,False,True,False,False,True
1,13.5,13.5,4,A beautiful and thought-provoking concept. A very enjoyable read.,2024,12,7,True,False,False,False,False,False,True,False,False
1,34.0,34.0,5,My new favorite shade! The formula is long-lasting and not drying.,2024,12,7,False,False,False,False,False,True,False,False,False
1,59.99,59.99,5,The best indoor basketball I've ever used. Great grip and feel.,2024,12,7,False,False,False,False,True,False,False,False,True
1,699.95,699.95,5,My home is now a cafe! The learning curve is steep but so worth it.,2024,12,7,False,False,False,True,False,True,False,False,False
1,79.9,79.9,4,So packable and warm for its weight. Perfect for travel.,2024,12,7,False,True,False,False,False,False,False,True,False
2,12.99,25.98,5,A masterpiece of science fiction. The world-building is unparalleled.,2024,12,7,True,False,False,False,False,False,True,False,False
1,28.0,28.0,2,Did nothing for my damaged hair. A complete waste of money for me.,2024,12,7,False,False,False,False,False,True,False,False,True
1,449.99,449.99,5,Incredible running watch. The GPS is accurate and the data insights are superb.,2024,12,7,False,False,False,False,True,False,False,False,False
3,49.99,149.97,4,Surprisingly good sound for its size. Great for smart home control.,2024,12,7,False,False,True,False,False,False,True,False,False
1,599.99,599.99,1,It constantly gets stuck under my furniture. Not as smart as advertised.,2024,12,7,False,False,False,True,False,True,False,True,False
1,120.0,120.0,0,This sweater started pilling horribly after the first wash. Poor quality.,2024,12,7,False,True,False,False,False,False,False,False,True
1,11.99,11.99,5,Life-changing book. The strategies are practical and actually work.,2024,12,7,True,False,False,False,False,False,True,False,False
1,34.0,34.0,5,This is my holy grail sunscreen. It feels like absolutely nothing on the skin.,2024,12,7,False,False,False,False,False,True,False,False,False
1,199.0,199.0,1,Overpriced and underwhelming. The heat function is weak and the vibrations are loud.,2024,12,7,False,False,False,False,True,False,False,False,False
2,99.99,199.98,4,This has simplified my weeknight cooking so much. Very versatile.,2024,12,7,False,False,False,True,False,True,False,True,False
1,199.95,199.95,5,Incredibly warm and lightweight. Perfect for chilly autumn hikes.,2024,12,7,False,True,False,False,False,False,False,False,False
2,13.99,27.98,4,A poignant and beautifully written story from a unique perspective.,2024,12,7,True,False,False,False,False,False,True,True,False
1,139.0,139.0,5,This bag is a tank. I've checked it on flights and it still looks new.,2024,12,7,False,False,False,False,True,False,False,False,True
1,99.99,99.99,4,Quiet and effective. I notice less dust in my apartment.,2024,12,7,False,False,False,True,False,True,False,True,False
1,89.99,89.99,2,Uncomfortable to walk in for more than an hour. The leather is stiff.,2024,12,7,False,True,False,False,False,False,False,False,False
1,7.99,7.99,5,A simple but powerful code for personal freedom.,2024,12,7,True,False,False,False,False,False,True,False,True
1,44.0,44.0,4,Great coverage and SPF. Can look a bit heavy if you apply too much.,2024,12,7,False,False,False,False,False,True,False,False,False
3,16.0,48.0,5,The most comfortable basketball socks. Great cushioning and they stay up.,2024,12,7,False,False,False,False,True,False,False,True,False
1,49.99,49.99,1,Broke while trying to crush ice for the first time. Junk.,2024,12,7,False,False,False,True,False,True,False,False,True
1,168.0,168.0,4,Beautiful leather that's breaking in nicely. A bit heavy when empty.,2024,12,7,False,True,False,False,False,False,False,False,False
1,28.0,28.0,4,Really works on strawberry legs! The texture is gritty but effective.,2024,12,7,False,False,False,False,False,True,False,False,False
1,29.95,29.95,2,They fall out constantly during my runs. Not secure at all.,2024,12,7,False,False,False,False,True,False,False,False,True
1,69.99,69.99,1,Completely different quality from my last pair. Thin material and poor stitching.,2024,12,7,False,True,False,False,False,False,False,False,False
1,89.99,89.99,4,Absolutely fantastic after one month of use! Didn't expect such good results on my skin.,2024,12,7,False,False,False,False,False,True,False,False,False
2,180.0,360.0,1,The quality is shocking. Avoid this product......,2024,12,7,False,True,False,False,False,False,False,False,False
1,10.99,10.99,5,A timeless classic. The adventure is as wonderful as ever.,2024,12,7,True,False,False,False,False,False,True,True,False
1,349.99,349.99,5,Best noise-canceling headphones I've ever owned. Battery life is incredible.,2024,12,7,False,False,True,False,False,False,True,False,False
1,129.99,129.99,4,Powerful motor crushes ice perfectly. A bit noisy but gets the job done.,2024,12,7,False,False,False,True,False,True,False,False,True
1,79.99,79.99,5,Extremely durable and warm. Perfect for layering in cold weather.,2024,12,7,False,True,False,False,False,False,False,True,False
1,12.99,12.99,4,Charming characters and clever plot. A delightful cozy mystery.,2024,12,7,True,False,False,False,False,False,True,True,False
1,42.0,42.0,5,Instant hydration without greasiness. My go-to winter moisturizer.,2024,12,8,False,False,False,False,False,True,False,False,False
1,64.99,64.99,4,Excellent grip and consistent bounce. Great for serious players.,2024,12,8,False,False,False,False,True,False,False,False,True
1,399.0,399.0,4,Seamless integration with iPhone. Fitness tracking is excellent.,2024,12,8,False,False,True,False,False,False,True,False,False
1,249.99,249.99,5,Replaced multiple appliances. The air fry function is fantastic.,2024,12,8,False,False,False,True,False,True,False,True,False
1,229.0,229.0,5,Incredibly warm for its weight. Packs down small for travel.,2024,12,8,False,True,False,False,False,False,False,False,False
1,38.0,38.0,3,Nice color but overpriced for what it is. Not very long-lasting.,2024,12,8,False,False,False,False,False,True,False,True,False
2,35.0,70.0,4,Comfortable and breathable. Good for workouts or lounging.,2024,12,8,False,False,False,False,True,False,False,False,False
1,49.99,49.99,4,Great value. Interface is smooth and streaming quality is excellent.,2024,12,8,False,False,True,False,False,False,True,False,False
1,89.99,89.99,2,Overpriced and rusted after just two months. Very disappointed.,2024,12,8,False,False,False,True,False,True,False,False,True
1,89.5,89.5,3,Comfortable fit but the color faded quickly after washing.,2024,12,8,False,True,False,False,False,False,False,True,False
1,14.99,14.99,5,Beautiful storytelling about community. A new favorite.,2024,12,8,True,False,False,False,False,False,True,False,False
1,30.0,30.0,4,Really helps with frizz and damage. A little goes a long way.,2024,12,8,False,False,False,False,False,True,False,False,False
1,39.99,39.99,5,Keeps drinks cold for over 24 hours. The cap is completely leak-proof.,2024,12,8,False,False,False,False,True,False,False,False,True
1,99.99,99.99,5,Perfect typing feel and great battery life. Worth every penny.,2024,12,8,False,False,True,False,False,False,True,True,False
1,95.0,95.0,2,Comfortable at first but lost support quickly. Not durable.,2024,12,8,False,True,False,False,False,False,False,True,False
1,16.99,16.99,4,Classic Stephen King suspense. Holly Gibney is a fantastic character.,2024,12,8,True,False,False,False,False,False,True,False,True
1,190.0,190.0,4,Great energy return for running. The fit is true to size.,2024,12,8,False,False,False,False,True,False,False,False,False
1,99.99,99.99,3,Useful for smart home control but the speaker quality is mediocre.,2024,12,9,False,False,True,False,False,False,True,False,False
1,78.0,78.0,4,Soft and warm. Runs a bit large so size down.,2024,12,9,False,True,False,False,False,False,False,True,False
1,12.99,12.99,5,Addictive fantasy romance. Couldn't stop reading!,2024,12,10,True,False,False,False,False,False,True,False,False
1,16.99,16.99,5,Saved my skin barrier. Essential for winter skincare.,2024,12,10,False,False,False,False,False,True,False,False,False
1,130.0,130.0,4,Stable for weightlifting but stiff for running. Good cross-training shoe.,2024,12,10,False,False,False,False,True,False,False,False,True
1,799.99,799.99,5,Beautiful display and powerful performance. Perfect for creative work.,2024,12,11,False,False,True,False,False,False,True,True,False
1,149.99,149.99,2,Brews coffee too hot and the carafe drips. Poor design.,2024,12,11,False,False,False,True,False,True,False,False,False
1,118.0,118.0,5,My favorite hoodie. So cozy and the quality lasts for years.,2024,12,11,False,True,False,False,False,False,False,True,False
1,13.49,13.49,5,Powerful and heartbreaking. The writing is absolutely brilliant.,2024,12,12,True,False,False,False,False,False,True,False,True
1,20.0,20.0,4,Beautiful natural flush. Easy to blend but easy to use too much.,2024,12,12,False,False,False,False,False,True,False,False,False
1,49.99,49.99,3,Painful but effective for tight muscles. Not for the faint of heart.,2024,12,12,False,False,False,False,True,False,False,False,False
1,199.0,199.0,5,360-degree sound is impressive. Perfect for parties.,2024,12,13,False,False,True,False,False,False,True,False,False
1,119.99,119.99,4,Cleans floors beautifully without chemicals. Cord could be longer.,2024,12,13,False,False,False,True,False,True,False,True,False
1,52.0,52.0,5,Calms redness instantly. A miracle worker for sensitive skin.,2024,12,14,False,False,False,False,False,True,False,False,False
1,140.0,140.0,5,Perfect support for overpronation. My go-to running shoe for years.,2024,12,14,False,False,False,False,True,False,False,False,False
1,499.0,499.0,4,Perfect size for reading and travel. Wish it had ProMotion display.,2024,12,15,False,False,True,False,False,False,True,False,True
1,99.99,99.99,3,Powerful but awkward to hold and clean.,2024,12,15,False,False,False,True,False,True,False,True,False
1,49.0,49.0,5,The only shorts I need for summer. Durable and quick-drying.,2024,12,15,False,True,False,False,False,False,False,False,False
1,16.99,16.99,4,Epic and beautifully written but quite long. Worth the commitment.,2024,12,16,True,False,False,False,False,False,True,False,False
1,35.0,35.0,5,Sets makeup without looking cakey. Gives a beautiful finish.,2024,12,16,False,False,False,False,False,True,False,False,True
1,44.95,44.95,5,The best water bottle I've owned. Durable and keeps temperature perfectly.,2024,12,16,False,False,False,False,True,False,False,True,False
1,449.99,449.99,5,Excellent health tracking and battery life. Love the new features.,2024,12,17,False,False,True,False,False,False,True,False,False
1,149.99,149.99,4,Makes pasta making so much easier. Cleanup is a bit tedious.,2024,12,17,False,False,False,True,False,True,False,False,False
1,84.0,84.0,5,The most comfortable pants ever. Perfect for travel and lounging.,2024,12,17,False,True,False,False,False,False,False,False,True
1,14.99,14.99,5,Brilliant dark academia fantasy. The themes are incredibly relevant.,2024,12,18,True,False,False,False,False,False,True,True,False
1,28.0,28.0,3,Hydrating but the texture is strange. Not worth the hype for me.,2024,12,18,False,False,False,False,False,True,False,False,False
1,139.99,139.99,4,Lightweight and comfortable for all-day wear. Unique cushioning.,2024,12,18,False,False,False,False,True,False,False,False,False
1,2499.99,2499.99,5,Worth every penny for professional work. Image quality is stunning.,2024,12,19,False,False,True,False,False,False,True,False,True
1,399.99,399.99,5,Replaces my toaster and conventional oven. Cooks everything perfectly.,2024,12,19,False,False,False,True,False,True,False,True,False
1,218.0,218.0,2,Fabric is cheap and the fit is awkward. Very disappointing.,2024,12,19,False,True,False,False,False,False,False,False,False
1,23.0,23.0,5,Incredibly pigmented and blendable. My new favorite blush.,2024,12,20,False,False,False,False,False,True,False,False,True
1,98.0,98.0,5,Perfect for intense workouts. Squat-proof and comfortable.,2024,12,20,False,False,False,False,True,False,False,True,False
1,99.99,99.99,4,Charges laptop and phone simultaneously. Essential for travel.,2024,12,21,False,False,True,False,False,False,True,False,False
1,49.99,49.99,3,Looks sleek but requires specific soap refills. Expensive to maintain.,2024,12,21,False,False,False,True,False,True,False,False,False
1,98.0,98.0,4,Comfortable and flattering. The fabric is surprisingly durable.,2024,12,21,False,True,False,False,False,False,False,False,True
1,17.99,17.99,3,Interesting insights but poorly edited. Could have been shorter.,2024,12,22,True,False,False,False,False,False,True,True,False
1,28.0,28.0,2,Flakes terribly by midday. Smudges under my eyes.,2024,12,22,False,False,False,False,False,True,False,False,False
1,285.0,285.0,5,Incredible energy return for racing. Worth it for serious runners.,2024,12,22,False,False,False,False,True,False,False,False,False
1,1299.99,1299.99,4,Versatile and powerful. The keyboard should be included at this price.,2024,12,23,False,False,True,False,False,False,True,False,False
1,349.99,349.99,5,Perfect for family cooking. Even heating and easy to clean.,2024,12,23,False,False,False,True,False,True,False,False,True
1,11.99,11.99,5,Addictive fantasy romance. The world-building is incredible.,2024,12,24,True,False,False,False,False,False,True,False,False
1,90.0,90.0,4,Really smooths skin texture. Strong so start slow.,2024,12,24,False,False,False,False,False,True,False,False,False
1,144.95,144.95,5,Plush comfort for long runs. Great for high mileage.,2024,12,24,False,False,False,False,True,False,False,False,False
1,499.99,499.99,5,Mind-blowing mixed reality experiences. A huge leap forward.,2024,12,25,False,False,True,False,False,False,True,False,True
1,299.99,299.99,5,Makes perfect bread every time. The timer function is genius.,2024,12,25,False,False,False,True,False,True,False,True,False
1,179.0,179.0,4,Warm and stylish but pills more than I expected.,2024,12,25,False,True,False,False,False,False,False,False,False
1,10.99,10.99,4,Charming and magical romance. Perfect light read.,2024,12,26,True,False,False,False,False,False,True,False,False
1,44.0,44.0,5,Gives the most beautiful lit-from-within glow. Holy grail.,2024,12,26,False,False,False,False,False,True,False,False,True
1,299.99,299.99,4,Good quality for home gym. The bar could be better.,2024,12,26,False,False,False,False,True,False,False,True,False
1,1499.99,1499.99,5,Beautiful when off. Art mode transforms the room.,2024,12,27,False,False,True,False,False,False,True,False,False
1,229.99,229.99,4,Powerful and versatile. The attachments are game-changers.,2024,12,27,False,False,False,True,False,True,False,False,False
1,185.0,185.0,3,Great sustainable concept but the fit is inconsistent.,2024,12,27,False,True,False,False,False,False,False,False,True
1,11.49,11.49,4,Emotional second-chance romance. The friend group is goals.,2024,12,28,True,False,False,False,False,False,True,True,False
1,45.0,45.0,5,Addictive scent and great texture. Moisturizes without greasiness.,2024,12,28,False,False,False,False,False,True,False,False,False
1,62.0,62.0,3,Good grip but too thin for my joints. Not for everyone.,2024,12,28,False,False,False,False,True,False,False,False,False
1,79.99,79.99,5,Crystal clear video for remote work. Easy plug-and-play setup.,2024,12,29,False,False,True,False,False,False,True,False,False
1,129.99,129.99,2,Gimmicky and poor battery life. Not worth the high price.,2024,12,29,False,False,False,True,False,True,False,False,True
1,65.0,65.0,5,Incredibly soft and cozy. Washes well without pilling.,2024,12,29,False,True,False,False,False,False,False,True,False
1,16.99,16.99,5,Heartbreaking and powerful. Britney's story in her own words.,2024,12,30,True,False,False,False,False,False,True,False,False
1,42.0,42.0,4,Gentle but effective for fine lines. Nice creamy texture.,2024,12,30,False,False,False,False,False,True,False,False,False
1,9.99,9.99,5,Worth every penny. The trainers are motivating and classes are diverse.,2024,12,30,False,False,False,False,True,False,False,False,True
1,749.99,749.99,5,Unbelievable suction and the laser is genius. Best vacuum ever.,2024,12,31,False,False,True,False,False,False,True,False,False
1,439.0,439.0,5,Makes competition-level BBQ. Holds temperature perfectly.,2024,12,31,False,False,False,True,False,True,False,False,False
1,395.0,395.0,4,Excellent technical layer but very expensive for what it is.,2024,12,31,False,True,False,False,False,False,False,True,False
